,eta,M,M_sqr,U,U_sqr
0,1.0,1017.32,1034956.56,-37.41,1411.19
1,0.9949874686716792,1017.28,1034871.04,-32.260852130325816,1048.3585138284311
2,0.9899749373433584,1017.1,1034508.76,-27.483508771929834,766.734888599946
3,0.9849624060150376,1016.88,1034062.96,-22.128571428571437,501.37863078749547
4,0.9799498746867168,1016.86,1034022.2,-17.37182957393484,313.96716163843206
5,0.974937343358396,1017.54,1035403.48,-11.617744360902257,146.49829335242868
6,0.9699248120300752,1016.96,1034219.92,-7.014736842105248,58.807623947085524
7,0.9649122807017544,1017.18,1034674.84,-1.6894736842105351,16.40948599569104
8,0.9598997493734336,1016.04,1032352.32,2.503458646616532,17.42648689392649
9,0.9548872180451128,1017.44,1035197.68,8.92954887218044,89.25784442308758
10,0.949874686716792,1016.32,1032920.88,12.94335839598999,178.91983492566044
11,0.9448621553884712,1016.43,1033147.9,18.16875939849625,343.61851919900045
12,0.9398496240601504,1016.32,1032923.12,23.042030075187967,544.1466306744303
13,0.9348370927318296,1016.64,1033571.84,28.217218045112787,809.0651756584447
14,0.9298245614035088,1016.04,1032353.12,32.99105263157893,1101.519332102184
15,0.924812030075188,1016.12,1032514.24,38.16000000000002,1468.0808739894858
16,0.9197994987468672,1015.6,1031458.8,42.90162907268168,1852.3789198560294
17,0.9147869674185464,1014.78,1029798.6,47.22248120300751,2247.1598151393514
18,0.9097744360902256,1016.38,1033043.32,53.67345864661657,2893.715963027873
19,0.9047619047619048,1015.29,1030832.52,57.914285714285704,3370.1745918367337
20,0.899749373433584,1016.02,1032312.12,63.50664160401002,4046.655798707294
21,0.8947368421052632,1015.7,1031662.04,68.32578947368418,4683.664127423818
22,0.8897243107769424,1015.92,1032109.84,73.76127819548874,5453.667729913756
23,0.8847117794486216,1015.78,1031826.92,78.69746867167916,6207.965183196082
24,0.8796992481203008,1016.12,1032522.0,84.32,7126.029525693932
25,0.87468671679198,1015.26,1030774.12,88.34556390977448,7822.769827450835
26,0.8696741854636592,1014.84,1029923.2,92.98984962406011,8666.639216525022
27,0.8646616541353384,1014.86,1029959.08,98.42947368421054,9700.496597885685
28,0.8596491228070176,1014.52,1029272.24,103.10877192982456,10648.170070791008
29,0.8546365914786967,1014.06,1028339.96,107.7272180451128,11625.804157511575
30,0.849624060150376,1014.56,1029355.04,113.4954135338346,12900.860462999606
31,0.8446115288220551,1014.92,1030087.28,118.56686716791981,14082.205645065042
32,0.8395989974937343,1014.92,1030082.72,123.71418546365916,15323.461857023514
33,0.8345864661654135,1014.36,1028944.96,128.15887218045114,16443.516639154273
34,0.8295739348370927,1014.76,1029757.52,133.76155388471176,17910.28734329558
35,0.8245614035087719,1013.92,1028054.16,138.20070175438596,19117.15841181902
36,0.8195488721804511,1013.64,1027487.12,142.9224812030075,20447.296999830396
37,0.8145363408521303,1014.52,1029274.96,148.98659147869677,22217.010265576224
38,0.8095238095238095,1014.12,1028466.48,153.75571428571428,23666.36850340135
39,0.8045112781954887,1014.22,1028665.08,158.81857142857146,25242.91062411669
40,0.7994987468671679,1013.46,1027128.58,163.1575,26644.93297239024
41,0.7944862155388471,1013.38,1026961.0,168.2935588972431,28341.614389796545
42,0.7894736842105263,1012.99,1026171.3,172.79105263157896,29878.53224376731
43,0.7844611528822055,1013.18,1026559.72,178.31964912280702,31821.822493702923
44,0.7794486215538847,1013.34,1026885.32,183.23353383458644,33599.63666471943
45,0.7744360902255639,1013.06,1026314.92,188.13477443609023,35418.388913166375
46,0.7694235588972431,1012.78,1025747.0,192.93320802005007,37248.24586799078
47,0.7644110275689223,1012.72,1025619.44,197.795664160401,39141.52944271706
48,0.7593984962406015,1012.74,1025666.84,203.41176691729325,41401.79755582565
49,0.7543859649122807,1011.6,1023360.64,206.9531578947368,42853.27536780547
50,0.7493734335839599,1012.08,1024329.04,212.85413533834588,45328.87478081167
51,0.7443609022556391,1011.84,1023839.6,217.23586466165412,47213.53927582114
52,0.7393483709273183,1012.84,1025870.16,223.40839598997488,49935.44482654001
53,0.7343358395989975,1011.86,1023892.12,227.71493734335837,51885.67604638161
54,0.7293233082706767,1012.38,1024937.4,232.8576691729323,54251.66599864322
55,0.7243107769423559,1012.18,1024533.8,238.23711779448618,56781.017581485045
56,0.7192982456140351,1010.82,1021784.36,241.85894736842104,58526.50735610957
57,0.7142857142857143,1010.9,1021950.12,246.81857142857146,60953.4324489796
58,0.7092731829573935,1011.28,1022715.6,252.5262155388471,63801.95376147133
59,0.7042606516290727,1011.65,1023462.94,257.8297117794486,66506.5062254948
60,0.6992481203007519,1010.23,1020594.06,261.7385714285714,68539.2893097405
61,0.6942355889724311,1010.32,1020776.96,266.58989974937344,71105.50766345688
62,0.6892230576441103,1010.88,1021911.18,272.0731954887218,74061.37025835265
63,0.6842105263157895,1009.96,1020048.64,276.4247368421053,76444.02257617727
64,0.6791979949874687,1009.26,1018634.92,280.5926315789473,78765.37639876633
65,0.6741854636591479,1010.42,1020977.44,287.1845238095238,82508.17768082487
66,0.6691729323308271,1010.8,1021746.32,292.41,85541.45747130984
67,0.6641604010025063,1010.76,1021673.44,297.94323308270674,88806.97026331491
68,0.6591478696741855,1009.42,1018959.24,301.18295739348366,90746.62667420428
69,0.6541353383458647,1008.82,1017749.4,305.8901879699248,93607.77595087342
70,0.6491228070175439,1008.56,1017230.04,310.43070175438595,96408.58265004616
71,0.6441102756892231,1009.04,1018196.8,315.69696741854636,99710.3258379658
72,0.6390977443609023,1008.14,1016383.24,320.1099999999999,102514.20524563285
73,0.6340852130325815,1008.34,1016784.6,325.2640162907268,105840.29041706707
74,0.6290726817042607,1008.28,1016669.2,330.02859649122803,108964.20000646976
75,0.6240601503759399,1008.575,1017260.75,335.97103383458636,112919.02768175137
76,0.6190476190476191,1008.46,1017034.76,340.69523809523815,116121.23460317458
77,0.6140350877192983,1009.06,1018238.12,346.6417543859649,120207.35239766084
78,0.6090225563909775,1007.1,1014289.48,349.25338345864657,122025.80461982019
79,0.6040100250626567,1007.7,1015502.6,355.2390977443609,126244.70020401878
80,0.5989974937343359,1007.84,1015771.8,360.05136591478697,129680.46699257541
81,0.5939849624060151,1007.56,1015220.32,364.90451127819534,133201.95860987052
82,0.5889724310776943,1007.96,1016018.16,370.1493483709273,137055.9004332259
83,0.5839598997493735,1007.42,1014931.56,375.37711779448625,140950.99451881577
84,0.5789473684210527,1006.33,1012740.66,378.88289473684205,143605.46552631576
85,0.5739348370927319,1006.68,1013445.76,384.0812781954888,147568.63145727728
86,0.568922305764411,1006.42,1012933.8,389.45521303258147,151734.32506209132
87,0.5639097744360902,1005.88,1011833.56,393.5344360902255,154921.1662705636
88,0.5588972431077694,1005.82,1011716.52,398.59997493734335,158936.80224339044
89,0.5538847117794486,1005.79,1011661.26,403.72579573934837,163053.568643837
90,0.5488721804511278,1004.3,1008668.16,407.27766917293235,165931.7808281983
91,0.543859649122807,1004.24,1008550.24,412.3843859649122,170122.61647583867
92,0.5388471177944862,1004.8,1009682.88,417.8264160401003,174652.68892607454
93,0.5338345864661654,1005.58,1011252.36,423.1966165413534,179180.13258917973
94,0.5288220551378446,1004.04,1008157.32,426.9815037593985,182393.2158833173
95,0.5238095238095238,1003.5,1007065.08,431.65714285714273,186393.73523809522
96,0.518796992481203,1003.18,1006417.32,435.60323308270665,189813.76892475548
97,0.5137844611528822,1004.44,1008950.0,442.3843358395989,195766.63645724583
98,0.5087719298245614,1003.1175,1006296.945,446.03697368421047,199017.7010849492
99,0.5037593984962406,1003.32,1006704.48,451.41812030075175,203847.2268545424
100,0.4987468671679198,1001.72,1003508.64,454.8752882205514,206986.72793185973
101,0.493734335839599,1002.48,1005015.12,459.9712030075188,211640.58222567692
102,0.4887218045112782,1002.97,1006002.3,466.1166917293233,217342.4102323478
103,0.4837092731829574,1001.18,1002434.36,469.67994987468666,220693.3673383961
104,0.4786967418546366,1002.0,1004063.6,474.67086466165404,225395.37771066133
105,0.4736842105263158,1001.435,1002930.43,479.47105263157886,229969.15371191132
106,0.468671679197995,1000.91,1001882.42,483.79182957393465,234140.3917249263
107,0.4636591478696742,1000.36,1000781.12,488.2389348370927,238467.45084236274
108,0.4586466165413534,999.88,999826.12,492.5859210526316,242728.1102528407
109,0.4536340852130326,1000.67,1001393.26,498.41697994987464,248501.85651475177
110,0.4486215538847118,999.56,999188.2,502.4558395989974,252550.89904862404
111,0.443609022556391,999.295,998656.67,507.7212218045113,257867.20848224885
112,0.4385964912280702,1000.04,1000133.36,512.8659649122806,263110.59335795627
113,0.4335839598997494,998.48,997014.4,516.4150877192982,266751.2871975679
114,0.4285714285714286,998.3,996679.2,521.5671428571427,272122.8422448979
115,0.4235588972431078,997.9,995876.76,525.3905764411028,276129.11900050874
116,0.418546365914787,997.315,994708.41,530.3849310776942,281403.2643549192
117,0.4135338345864662,996.805,993687.43,534.3824060150375,285658.02809740516
118,0.4085213032581454,997.395,994876.69,540.4828947368421,292223.3919366712
119,0.4035087719298246,996.65,993378.26,544.9429824561403,297050.8821114189
120,0.3984962406015038,996.095,992282.89,548.884887218045,301379.505659732
121,0.393483709273183,995.615,991316.71,553.5792167919799,306544.452186968
122,0.3884711779448622,995.26,990621.4,557.5501754385964,310964.1957245243
123,0.3834586466165414,995.0025,990107.245,562.6576879699248,316688.19560390635
124,0.3784461152882206,994.36,988841.56,566.948320802005,321547.94330739125
125,0.3734335839598998,994.16,988447.52,571.8072681704261,327091.6806078479
126,0.368421052631579,993.4625,987065.255,575.8325,331717.562333795
127,0.3634085213032582,992.62,985396.04,579.56343358396,336047.2432837105
128,0.3583959899749374,992.9,985949.64,584.8986215538847,342246.5621627376
129,0.3533834586466166,993.0,986156.88,589.9302255639099,348165.0499553394
130,0.3483709273182958,993.06,986245.6,595.0717669172932,354221.2032925986
131,0.343358395989975,992.9,985962.04,600.6794486215538,360962.851140131
132,0.33834586466165417,990.1,980397.92,602.0137593984962,362564.608105037
133,0.33333333333333337,991.3075,982785.385,608.2191666666668,370064.20527777774
134,0.32832080200501257,988.26,976790.6,608.7936842105261,370828.33370167273
135,0.32330827067669177,989.785,979781.29,616.4868233082707,380219.18414650345
136,0.31829573934837097,990.18,980577.32,621.75992481203,386750.81756471365
137,0.31328320802005016,990.02,980264.04,626.91335839599,393203.20592665864
138,0.30827067669172936,987.91,976084.22,628.9413157894737,395721.30788201705
139,0.30325814536340856,987.99,976218.42,634.118984962406,402250.2790345224
140,0.29824561403508776,986.9,974076.36,638.671403508772,408044.35203139426
141,0.29323308270676696,987.045,974373.75,643.2982518796994,414003.33756331616
142,0.28822055137844615,985.28,970893.68,646.1120551378447,417619.1919915703
143,0.28320802005012535,986.28,972909.28,652.3475939849624,425755.55473464355
144,0.27819548872180455,984.19,968756.44,654.9302819548872,429107.73556235514
145,0.27318295739348375,984.365,969088.79,659.6882581453633,435348.69506909506
146,0.26817042606516295,984.5,969357.44,664.696215538847,441976.4166498325
147,0.26315789473684215,982.52,965486.87,667.9796052631579,446395.0391066481
148,0.25814536340852134,982.0775,964611.7,672.3837468671679,452289.3047412155
149,0.25313283208020054,981.52,963509.04,676.1750626566413,457435.8073810466
150,0.24812030075187974,979.65,959846.02,679.4939473684211,461894.1587158686
151,0.24310776942355894,979.835,960233.65,684.3694987468672,468578.4905021638
152,0.23809523809523814,979.5,959580.04,688.4657142857144,474189.2814512471
153,0.23308270676691734,979.28,959175.76,694.2167669172932,482202.8898089207
154,0.22807017543859653,978.27,957147.22,698.4357894736842,487995.1292459218
155,0.22305764411027573,977.58,955797.72,702.2633082706769,493356.1671242014
156,0.21804511278195493,976.085,952897.69,705.4369360902257,497846.0377577873
157,0.21303258145363413,976.1,952979.8,710.7888972431076,505457.3946709505
158,0.20802005012531333,973.44,947759.84,712.8649624060149,508387.6633637979
159,0.20300751879699253,973.6175,948097.635,717.007077067669,514330.63306115376
160,0.19799498746867172,974.16,949111.6,722.3912030075185,522039.79784090543
161,0.19298245614035092,972.875,946683.47,726.399692982456,527913.0364212065
162,0.18796992481203012,971.96,944919.44,729.7707518796993,532832.7721222228
163,0.18295739348370932,971.08,943194.52,734.2437343358396,539364.9082398352
164,0.17794486215538852,968.4,937972.48,735.7081954887218,541476.0328566404
165,0.17293233082706772,968.86,938903.72,741.7027819548872,550397.558726327
166,0.1679197994987469,967.03,935366.98,745.0565162907267,555389.7345727728
167,0.1629072681704261,965.815,932983.85,747.2867167919799,558674.2163315556
168,0.1578947368421053,965.66,932706.84,753.0973684210526,567443.4617451524
169,0.1528822055137845,962.64,926890.16,753.2894736842104,567769.0371622037
170,0.1478696741854637,961.46,924664.76,758.199223057644,575192.6480218717
171,0.1428571428571429,960.775,923339.04,761.9639285714286,580898.4828061224
172,0.1378446115288221,959.7,921293.5,765.9692763157896,587024.8861839199
173,0.1328320802005013,957.66,917406.92,767.8520300751878,590017.3075373897
174,0.1278195488721805,957.0975,916317.16,772.6986043233082,597399.7418919596
175,0.1228070175438597,955.08,912526.12,777.3744736842106,604675.0347999383
176,0.1177944862155389,953.68,909897.12,778.8017543859647,607044.4002924603
177,0.1127819548872181,952.02,906685.96,781.8343233082707,611633.9962448414
178,0.10776942355889729,951.36,905415.28,785.4224812030075,617273.0101020093
179,0.10275689223057649,950.92,904575.68,790.1364160401001,624667.606822633
180,0.09774436090225569,947.34,897790.16,792.7278571428571,628781.9886118491
181,0.09273182957393489,944.74,892866.36,795.6325313283207,633358.7207812764
182,0.08771929824561409,942.2,888169.985,797.7671271929825,636875.1098405278
183,0.08270676691729328,941.19375,886278.9525,801.0681578947368,642138.4823532279
184,0.07769423558897248,938.97375,882155.4375,803.8602772556391,646665.8657666133
185,0.07268170426065168,935.976875,876528.79625,806.2103555764411,650428.7813204377
186,0.06766917293233088,933.775,872374.79,808.1472180451127,653546.5586446379
187,0.06265664160401008,932.755,870566.15,812.7817042606517,661072.1533742563
188,0.057644110275689275,927.505,860916.285,813.5966744987469,662452.7647201768
189,0.052631578947368474,924.06,854548.54,815.8927631578947,666202.7537603877
190,0.04761904761904767,921.58046875,850014.2071875,818.0823251488094,669813.2183955143
191,0.04260651629072687,918.934375,845196.37375,820.5533450814536,673897.9611590281
192,0.03759398496240607,913.3875,835140.09,821.4421240601504,675355.1976122165
193,0.03258145363408527,909.465,828037.62,823.3092457706766,678444.7073604711
194,0.027568922305764465,907.02,823519.92,824.9294360902255,681060.0065879924
195,0.022556390977443663,898.47,808556.97,825.8100093984962,682615.8813923202
196,0.01754385964912286,890.63828125,794729.2771875,825.6532044956141,682426.1136648776
197,0.01253132832080206,881.44125,778926.56,825.2317140507517,681774.9807674485
198,0.007518796992481258,878.575,773651.23,826.7591729323308,684272.4991469273
199,0.0025062656641604564,849.53015625,726786.7921875,822.7656173637218,677858.9702817618
200,-0.0025062656641603454,-783.1539453125,728073.9276953125,822.913765774299,678100.6154129009
201,-0.007518796992481036,-872.53828125,763812.7190625,825.649483670113,682519.9970362543
202,-0.012531328320801949,-887.83,790083.36,827.3193107769423,685252.717455952
203,-0.01754385964912286,-890.25,794131.455,826.2965789473684,683479.0196739382
204,-0.022556390977443552,-897.3495703125,806543.187890625,825.1881338110902,681623.3168702257
205,-0.027568922305764243,-904.55,819326.46,825.4175313283209,681933.3256333506
206,-0.032581453634085156,-909.775,828589.11,823.1282080200502,678166.9766659129
207,-0.03759398496240607,-915.79,839455.98,822.3955545112782,676910.8948210046
208,-0.04260651629072676,-916.975,841680.57,819.7046397243108,672508.9065901479
209,-0.04761904761904745,-921.0096875,848988.228125,817.8744270833336,669464.0559860405
210,-0.05263157894736836,-924.846875,855997.1025,816.2169736842106,666740.4537837605
211,-0.057644110275689275,-927.5775,861035.24125,813.8304640507517,662840.7615263026
212,-0.06265664160400997,-932.27625,869701.6375,812.1242011278198,660037.6774156177
213,-0.06766917293233066,-932.9375,870907.88,808.0038909774438,653375.7357590878
214,-0.07268170426065157,-936.64,877706.32,806.3334085213033,650545.1878049134
215,-0.07769423558897248,-938.615,881534.95,804.6075250626567,647869.8808499789
216,-0.08270676691729317,-941.84,887599.2,803.2434586466165,645658.180463565
217,-0.08771929824561386,-943.105,889864.79,798.2389912280702,637597.2157379196
218,-0.09273182957393478,-946.23,895712.34,796.4143609022556,634621.5588476832
219,-0.09774436090225569,-947.62,898341.3,792.7704887218044,628899.1172641189
220,-0.10275689223057638,-950.04,902902.16,789.8493421052632,624254.1689860774
221,-0.10776942355889707,-950.195,903228.37,785.8680325814539,617973.6428406232
222,-0.11278195488721798,-952.54,907686.6,782.6956766917294,613055.5139292782
223,-0.1177944862155389,-952.6,907800.52,778.7839724310776,606944.4895475216
224,-0.12280701754385959,-954.965,912247.06,775.5279714912281,601798.3642418822
225,-0.12781954887218028,-957.3625,916825.9825,773.2944196428573,598324.0306583013
226,-0.1328320802005012,-958.795,919581.35,770.3700156641604,593804.8657740765
227,-0.1378446115288221,-958.52,919014.52,764.3031829573935,584471.1721238873
228,-0.1428571428571428,-961.41,924582.86,762.9057142857143,582345.0508163266
229,-0.14786967418546348,-960.59,923003.82,757.8428696741856,574651.7401979576
230,-0.1528822055137844,-963.18,927962.13,754.9994172932331,570331.7123587164
231,-0.1578947368421053,-963.475,928529.21,750.6123684210526,563713.9053047091
232,-0.162907268170426,-966.285,933905.31,748.4451503759399,560444.2239995666
233,-0.1679197994987467,-966.71,934756.46,744.3602506265665,554351.2803809652
234,-0.1729323308270676,-968.00875,937249.5975,740.284365601504,548287.277892935
235,-0.17794486215538852,-967.52,936312.32,735.9647869674186,541918.6985135144
236,-0.1829573934837092,-969.98,941081.32,732.7949874686717,537322.4382745085
237,-0.1879699248120299,-970.64,942330.56,730.4488721804514,533775.3963367066
238,-0.1929824561403508,-972.66,946236.6,726.2536842105262,527678.1602585412
239,-0.19799498746867172,-972.86,946651.36,721.6135964912281,520976.1719264954
240,-0.20300751879699241,-973.245,947392.01,716.608947368421,513795.50642489694
241,-0.2080200501253131,-975.88,952487.76,715.3673934837094,511945.64248384145
242,-0.21303258145363402,-975.95,952669.28,709.758352130326,504003.0587384659
243,-0.21804511278195493,-977.09,954848.26,705.7053007518797,498248.8178548816
244,-0.22305764411027562,-977.06,954775.04,701.1142982456142,491731.40148098953
245,-0.2280701754385963,-978.1675,956967.125,697.5354166666668,486766.7007875502
246,-0.23308270676691722,-979.29,959134.22,693.0694360902256,480556.5188696366
247,-0.23809523809523814,-978.655,957934.57,688.0819047619048,473700.5020294784
248,-0.24310776942355883,-979.42,959425.56,684.135388471178,468276.25012154446
249,-0.24812030075187952,-979.72,959987.84,679.8915789473685,462426.3585120698
250,-0.25313283208020043,-982.48,965404.76,677.8870551378445,459727.5898903588
251,-0.25814536340852134,-981.28,963073.68,671.5671177944863,451214.72337497876
252,-0.26315789473684204,-983.895,968184.59,669.3927631578947,448270.8991897508
253,-0.2681704260651627,-982.97,966327.78,663.426516290727,440291.3840488441
254,-0.27318295739348364,-983.39,967182.58,659.4246115288221,434995.2661210043
255,-0.27819548872180455,-984.635,969625.59,655.118984962406,429346.0216603538
256,-0.28320802005012524,-985.02,970372.8,650.6644360902256,423520.1062707521
257,-0.28822055137844593,-987.02,974308.2,648.5555513784464,420765.6085862214
258,-0.29323308270676685,-986.32,972926.24,642.4983458646617,412944.15701848624
259,-0.29824561403508776,-986.735,973755.04,637.6518640350877,406746.98628539545
260,-0.30325814536340845,-987.8,975852.34,634.2016040100251,402359.97331832093
261,-0.30827067669172914,-987.9525,976169.525,629.2932142857145,396176.4781694841
262,-0.31328320802005005,-987.78,975807.96,624.295112781955,389899.398157989
263,-0.31829573934837097,-989.1,978423.0,620.9036842105263,385672.5728243541
264,-0.32330827067669166,-990.44,981058.44,617.1075563909776,380953.4410133417
265,-0.32832080200501235,-989.6,979446.72,611.3837343358397,373982.7405632504
266,-0.33333333333333326,-991.28,982728.0,608.0358333333335,369846.10583333345
267,-0.33834586466165417,-991.66,983491.08,603.800939849624,364708.82126491034
268,-0.34335839598997486,-991.35,982859.86,598.5016541353383,358318.1082373855
269,-0.34837092731829555,-991.48,983129.6,594.2871929824563,353313.4898727397
270,-0.35338345864661647,-992.88,985898.92,589.8776315789474,348086.29440301895
271,-0.3583959899749374,-992.68,985498.08,584.3174686716792,341542.37375939847
272,-0.36340852130325807,-993.1475,986425.745,580.2754855889725,336838.51726016967
273,-0.36842105263157876,-994.54,989198.32,577.2255263157896,333310.04732687003
274,-0.3734335839598997,-995.25,990584.82,572.8552255639098,328266.8463854185
275,-0.3784461152882206,-994.82,989750.76,566.9742355889724,321579.4337695743
276,-0.3834586466165413,-994.9625,990029.505,562.5792763157895,316602.69810327044
277,-0.38847117794486197,-994.46,989046.04,557.1809523809526,310581.47712049563
278,-0.3934837092731829,-995.935,991957.17,553.7933020050126,306787.8693561442
279,-0.3984962406015038,-996.5,993078.92,549.0384962406015,301537.67353948776
280,-0.4035087719298245,-997.04,994169.84,544.3906140350878,296474.7191797477
281,-0.4085213032581452,-996.69,993456.92,539.2559022556393,290888.0321612617
282,-0.4135338345864661,-997.06,994200.28,534.4919548872182,285787.93960483925
283,-0.418546365914787,-997.875,995820.79,530.530545112782,281550.96559624304
284,-0.4235588972431077,-998.205,996472.83,526.1713909774437,276932.5228152148
285,-0.4285714285714284,-998.08,996227.68,521.1014285714286,271622.7471428573
286,-0.4335839598997493,-999.76,999585.6,516.8801002506267,267260.9409229842
287,-0.4385964912280702,-998.36,996798.16,511.6378070175438,261863.29001692825
288,-0.4436090225563909,-999.39,998847.74,507.05407894736845,257197.69410014708
289,-0.4486215538847116,-999.49,999046.86,502.1472431077696,252241.45901728023
290,-0.4536340852130325,-1000.48,1001031.04,498.64817042606524,248741.86616076538
291,-0.4586466165413534,-999.68,999427.6,492.33015037593987,242468.68323534398
292,-0.4636591478696741,-1000.43,1000934.62,488.1164786967419,238352.98437783064
293,-0.4686716791979948,-1000.99375,1002049.3975,484.0782033208021,234411.3534362262
294,-0.4736842105263157,-1001.16,1002392.8,479.71631578947364,230219.0783656511
295,-0.4786967418546366,-1001.32,1002690.48,474.2513784461153,224981.4865667929
296,-0.4837092731829573,-1001.98,1004019.48,469.53298245614036,220546.8326214032
297,-0.488721804511278,-1002.16,1004380.64,464.7525563909777,216071.73211883113
298,-0.4937343358395989,-1002.69,1005438.66,460.8375187969926,212444.2655575029
299,-0.4987468671679198,-1002.53,1005123.5,455.4763032581453,207532.33640759162
300,-0.5037593984962405,-1003.8,1007652.96,451.59631578947375,203992.59259031044
301,-0.5087719298245612,-1002.43,1004925.9,445.69175438596517,198720.67271468163
302,-0.5137844611528821,-1003.54,1007132.68,441.1767418546366,194688.4698926515
303,-0.518796992481203,-1003.4,1006853.44,436.08909774436086,190234.54790491264
304,-0.5238095238095237,-1004.1,1008266.88,432.18285714285724,186846.92891156473
305,-0.5288220551378444,-1002.7,1005461.08,425.2501253132834,180903.8723781887
306,-0.5338345864661653,-1004.56,1009191.44,422.606127819549,178661.23723811418
307,-0.5388471177944862,-1004.95,1009966.02,417.85058897243107,174655.89989645165
308,-0.5438596491228069,-1005.34,1010750.68,413.33614035087726,170904.5625515544
309,-0.5488721804511276,-1006.1,1012284.12,409.1696992481206,167476.12209904476
310,-0.5538847117794485,-1005.58,1011231.56,403.51461152882223,162879.15259345114
311,-0.5588972431077694,-1005.56,1011196.32,398.4252882205513,158798.36376938585
312,-0.5639097744360901,-1006.14,1012349.16,393.9778195488723,155260.31785686026
313,-0.5689223057644108,-1006.11,1012298.18,388.9915789473686,151363.83351850818
314,-0.5739348370927317,-1006.04,1012165.12,383.58859649122815,147203.82039126646
315,-0.5789473684210527,-1005.98,1012041.8,378.5805263157895,143380.03764542934
316,-0.5839598997493733,-1006.72,1013526.16,374.09588972431084,140002.68056482062
317,-0.588972431077694,-1006.76,1013605.68,369.1861152882208,136348.64274030956
318,-0.593984962406015,-1007.115,1014318.37,364.45633458646626,132873.43980001702
319,-0.5989974937343359,-1007.48,1015054.2,360.1520050125313,129755.70235909321
320,-0.6040100250626566,-1007.68,1015457.16,354.7711779448622,125913.30707633753
321,-0.6090225563909772,-1007.67,1015437.32,349.98124060150406,122532.96399231174
322,-0.6140350877192982,-1006.76,1013625.44,344.3340350877193,118626.06787319182
323,-0.6190476190476191,-1008.075,1016253.71,340.37607142857144,115901.31387188207
324,-0.6240601503759398,-1007.94,1015973.4,335.2048120300753,112404.06572106967
325,-0.6290726817042605,-1009.24,1018599.44,331.88468671679215,110184.66520580914
326,-0.6340852130325814,-1008.69,1017494.06,325.7845864661655,106180.902060163
327,-0.6390977443609023,-1008.92,1017950.0,321.0715037593984,103120.10980552882
328,-0.644110275689223,-1008.44,1016986.24,315.17343358396,99372.08728462765
329,-0.6491228070175437,-1009.06,1018233.4,310.8961403508774,96694.37129578342
330,-0.6541353383458646,-1009.82,1019765.96,306.7210526315791,94108.35023460914
331,-0.6591478696741855,-1009.42,1018965.4,301.5429573934837,90968.65602829125
332,-0.6641604010025062,-1010.06,1020256.44,296.98814536340853,88235.8601596096
333,-0.6691729323308269,-1010.04,1020215.6,291.6285714285716,85088.36026231002
334,-0.6741854636591478,-1011.02,1022193.56,287.6450125313284,82773.89088787137
335,-0.6791979949874687,-1009.64,1019414.88,281.14453634085214,79089.88687414023
336,-0.6842105263157894,-1009.66,1019445.88,275.86000000000007,76136.43722991696
337,-0.6892230576441101,-1010.2,1020533.28,271.94686716792,73986.32137599651
338,-0.694235588972431,-1010.44,1021019.6,266.65659147869684,71141.51551447547
339,-0.6992481203007519,-1010.6,1021346.24,262.09984962406014,68734.45488834867
340,-0.7042606516290726,-1011.4,1022951.04,257.720776942356,66442.68556447515
341,-0.7092731829573933,-1010.3,1020743.32,251.2813032581456,63181.086133253026
342,-0.7142857142857142,-1011.02,1022189.96,247.33285714285725,61202.92693877556
343,-0.7192982456140351,-1011.78,1023724.04,242.6384210526315,58900.714290550946
344,-0.7243107769423558,-1011.46,1023074.52,237.27862155388485,56329.9104270074
345,-0.7293233082706765,-1012.11,1024395.06,233.14458646616563,54385.1579032168
346,-0.7343358395989974,-1012.58,1025347.24,228.4962155388472,52240.63161707533
347,-0.7393483709273183,-1012.39,1024960.54,223.1911027568922,49842.822146782986
348,-0.744360902255639,-1012.38,1024937.04,217.78390977443618,47455.44785799088
349,-0.7493734335839597,-1011.71,1023585.42,212.2514035087722,45077.88281907786
350,-0.7543859649122806,-1013.28,1026759.04,208.71578947368428,43584.55635580183
351,-0.7593984962406015,-1012.5,1025184.52,202.879022556391,41189.16976369494
352,-0.7644110275689222,-1012.8,1025785.44,198.2145112781956,39310.17984453619
353,-0.7694235588972429,-1013.02,1026232.76,193.37854636591499,37419.68860660432
354,-0.7744360902255638,-1013.54,1027285.32,188.29804511278212,35482.331405958554
355,-0.7794486215538847,-1012.93,1026052.42,182.86310776942355,33463.309453206944
356,-0.7844611528822054,-1012.94,1026065.48,177.71791979949887,31603.150836803823
357,-0.7894736842105261,-1013.06,1026314.12,172.84578947368442,29898.37116343498
358,-0.794486215538847,-1012.84,1025868.0,167.3225814536342,28016.527376147165
359,-0.7994987468671679,-1013.44,1027084.56,162.72598997493733,26504.231674863837
360,-0.8045112781954886,-1013.89,1027992.62,158.24406015037607,25061.383278308596
361,-0.8095238095238093,-1014.18,1028586.68,153.70714285714303,23648.317120181462
362,-0.8145363408521302,-1014.56,1029351.28,148.69401002506277,22130.06008863013
363,-0.8195488721804511,-1013.88,1027973.84,143.50578947368422,20612.478955848266
364,-0.8245614035087718,-1014.7,1029637.88,138.9075438596492,19314.964835333976
365,-0.8295739348370925,-1013.86,1027936.68,132.98817042606538,17706.533747903646
366,-0.8345864661654134,-1014.02,1028255.96,128.1426315789475,16440.80026061397
367,-0.8395989974937343,-1013.54,1027283.88,122.74283208020051,15081.29638965836
368,-0.844611528822055,-1014.52,1029269.76,118.35471177944875,14022.26046375339
369,-0.8496240601503757,-1015.46,1031177.32,114.07575187969945,13030.837804002536
370,-0.8546365914786966,-1014.72,1029678.16,108.28315789473695,11743.086834630461
371,-0.8596491228070176,-1014.1,1028416.92,102.99982456140346,10624.172012927043
372,-0.8646616541353382,-1015.32,1030893.28,98.62172932330836,9743.680248176852
373,-0.8696741854636589,-1014.76,1029755.6,92.96942355889745,8659.744866803643
374,-0.8746867167919798,-1015.24,1030733.12,88.3230576441104,7817.868643915576
375,-0.8796992481203008,-1015.26,1030767.32,83.57654135338348,6995.362088303465
376,-0.8847117794486214,-1015.72,1031708.48,78.5505513784462,6188.124937845881
377,-0.8897243107769421,-1014.72,1029678.64,72.60894736842128,5289.891190444817
378,-0.894736842105263,-1015.14,1030528.72,68.12184210526324,4656.75577562328
379,-0.899749373433584,-1015.62,1031507.24,63.25654135338345,4019.8080318590946
380,-0.9047619047619047,-1016.2,1032677.2,58.540952380952476,3441.1999546485376
381,-0.9097744360902253,-1015.84,1031950.48,53.24473684210548,2848.4347204477594
382,-0.9147869674185463,-1015.84,1031949.44,48.13280701754397,2330.649455154187
383,-0.9197994987468672,-1016.49,1033265.94,43.428007518796974,1897.9022233214596
384,-0.9248120300751879,-1016.55,1033389.18,38.64733082706778,1505.3706080049835
385,-0.9298245614035086,-1016.19,1032657.62,33.20157894736863,1114.988519544489
386,-0.9348370927318295,-1016.2,1032676.32,27.76854636591491,782.6717875515923
387,-0.9398496240601504,-1016.51,1033307.74,23.193458646616538,550.541369777828
388,-0.9448621553884711,-1016.18,1032637.8,17.809974937343476,330.11299809674995
389,-0.9498746867167918,-1016.31,1032902.34,12.967857142857357,179.44980618840876
390,-0.9548872180451127,-1015.82,1031905.32,7.3764661654136345,65.46261801119483
391,-0.9598997493734336,-1016.74,1033777.48,2.981528822055127,20.79886376341848
392,-0.9649122807017543,-1016.68,1033652.88,-2.2270175438595445,16.0358633425665
393,-0.969924812030075,-1017.04,1034385.52,-6.9323308270674495,59.36869014641568
394,-0.9749373433583959,-1016.96,1034218.64,-12.042280701754278,152.26695906432494
395,-0.9799498746867168,-1017.0,1034309.44,-16.91902255639097,297.3459174879553
396,-0.9849624060150375,-1017.26,1034830.44,-22.222857142857034,504.32045112781435
397,-0.9899749373433582,-1017.4,1035114.16,-26.780501253132606,725.7490657721878
398,-0.9949874686716791,-1017.62,1035564.68,-32.06914786967407,1038.0189243157954
399,-1.0,-1016.92,1034140.96,-37.38,1405.76
400,-1.0,-1017.76,1035849.6,-37.05,1381.13
401,-0.9949874686716792,-1017.34,1034996.28,-32.35055137844612,1058.2692044019825
402,-0.9899749373433584,-1017.28,1034869.6,-27.271704260651635,752.1305271323674
403,-0.9849624060150376,-1017.2,1034708.8,-22.05375939849625,495.6182831138001
404,-0.9799498746867168,-1016.7,1033694.36,-17.325037593984963,310.29243516058324
405,-0.974937343358396,-1016.32,1032920.8,-12.698320802005,172.16066036017327
406,-0.9699248120300752,-1016.58,1033451.56,-7.486165413533828,69.50390751314366
407,-0.9649122807017544,-1016.44,1033162.64,-2.4054385964912375,15.95388427208378
408,-0.9598997493734336,-1017.04,1034386.0,3.0935588972431005,20.740891011991103
409,-0.9548872180451128,-1017.38,1035076.52,8.496842105263148,82.08532421278734
410,-0.949874686716792,-1016.44,1033164.64,13.029373433583975,180.00332095903957
411,-0.9448621553884712,-1016.98,1034262.12,18.45408521303259,350.8033817626778
412,-0.9398496240601504,-1016.61,1033512.22,23.239473684210523,552.0078839957034
413,-0.9348370927318296,-1015.86,1031995.32,27.85639097744361,790.25688921552
414,-0.9298245614035088,-1015.98,1032237.96,33.026842105263135,1105.761338873498
415,-0.924812030075188,-1016.08,1032436.0,38.37699248120301,1488.1239787438524
416,-0.9197994987468672,-1016.3,1032881.88,43.147769423558884,1874.8187577967462
417,-0.9147869674185464,-1015.16,1030563.92,47.52486215538846,2270.282040941954
418,-0.9097744360902256,-1015.44,1031134.8,53.05864661654137,2830.2472598790214
419,-0.9047619047619048,-1015.1,1030447.56,57.44619047619046,3314.544557823128
420,-0.899749373433584,-1015.64,1031544.88,63.38854636591479,4031.776421190821
421,-0.8947368421052632,-1015.44,1031135.2,68.18842105263155,4663.938670360108
422,-0.8897243107769424,-1015.68,1031623.36,73.29481203007518,5386.480500939064
423,-0.8847117794486216,-1015.16,1030566.56,77.93598997493731,6088.616801150742
424,-0.8796992481203008,-1015.19,1030628.28,83.35812030075186,6962.097156990219
425,-0.87468671679198,-1015.2,1030651.12,88.16804511278198,7790.426301907653
426,-0.8696741854636592,-1015.04,1030325.68,93.4159147869674,8743.276068052335
427,-0.8646616541353384,-1014.84,1029916.96,97.91676691729324,9602.726987958617
428,-0.8596491228070176,-1014.84,1029919.36,103.2536842105263,10678.557630040003
429,-0.8546365914786967,-1014.41,1029050.7,108.07809523809523,11699.38659901634
430,-0.849624060150376,-1014.64,1029518.72,112.95744360902256,12780.841219967213
431,-0.8446115288220551,-1014.98,1030199.56,118.95619047619046,14163.47565781622
432,-0.8395989974937343,-1013.26,1026718.6,122.05791979949876,14921.255901847358
433,-0.8345864661654135,-1014.18,1028582.28,128.1390977443609,16437.778308553334
434,-0.8295739348370927,-1014.12,1028460.64,133.27248120300752,17782.535296763213
435,-0.8245614035087719,-1013.76,1027732.0,137.83263157894734,19019.518534933817
436,-0.8195488721804511,-1014.08,1028381.92,143.31187969924815,20559.915000282657
437,-0.8145363408521303,-1014.04,1028303.6,148.63756892230577,22118.851251750933
438,-0.8095238095238095,-1014.12,1028457.92,153.65571428571425,23624.28269841269
439,-0.8045112781954887,-1014.38,1028988.52,159.18984962406017,25359.554614166995
440,-0.7994987468671679,-1013.72,1027649.44,163.07213032581456,26613.21483734398
441,-0.7944862155388471,-1013.7,1027608.44,168.70932330827068,28480.963746333244
442,-0.7894736842105263,-1013.0,1026191.44,172.6431578947368,29828.25961218836
443,-0.7844611528822055,-1012.48,1025149.52,177.3787719298245,31495.443702049604
444,-0.7794486215538847,-1013.12,1026435.44,182.86001253132832,33461.29786631365
445,-0.7744360902255639,-1011.8,1023771.2,187.09556390977446,35031.311786420934
446,-0.7694235588972431,-1013.08,1026353.28,193.1323809523809,37324.08022236041
447,-0.7644110275689223,-1013.16,1026514.72,198.21932330827065,39313.81475838719
448,-0.7593984962406015,-1012.66,1025503.16,203.11751879699244,41276.673586409626
449,-0.7543859649122807,-1012.74,1025663.56,207.9631578947368,43273.65576485072
450,-0.7493734335839599,-1012.78,1025743.88,213.1695739348371,45467.340668337514
451,-0.7443609022556391,-1012.15,1024473.7,217.70011278195489,47420.93649810616
452,-0.7393483709273183,-1011.84,1023840.24,221.94774436090225,49285.27519418847
453,-0.7343358395989975,-1011.9,1023972.84,227.45556390977444,51767.792832268635
454,-0.7293233082706767,-1011.64,1023443.36,232.20736842105268,53948.27941997851
455,-0.7243107769423559,-1011.715,1023595.83,237.46142230576442,56418.61658709744
456,-0.7192982456140351,-1011.42,1022991.96,242.04736842105257,58614.00011080332
457,-0.7142857142857143,-1010.46,1021059.56,246.83285714285714,60960.56224489794
458,-0.7092731829573935,-1010.0,1020132.56,251.15408521303263,63114.640268465635
459,-0.7042606516290727,-1011.7,1023565.48,257.9744987468671,66578.95036912456
460,-0.6992481203007519,-1010.74,1021624.72,262.061954887218,68706.90718412571
461,-0.6942355889724311,-1010.16,1020460.0,266.8309774436091,71235.62172184847
462,-0.6892230576441103,-1010.76,1021667.52,272.1309022556391,74090.56876759569
463,-0.6842105263157895,-1011.12,1022390.32,277.6110526315789,77095.72506925206
464,-0.6791979949874687,-1009.64,1019407.04,281.2845363408521,79153.3404299596
465,-0.6741854636591479,-1009.44,1018999.12,285.9402255639097,81796.16567892159
466,-0.6691729323308271,-1009.705,1019536.37,291.2177443609022,84845.24663491434
467,-0.6641604010025063,-1009.18,1018478.6,295.48260651629073,87350.59518281916
468,-0.6591478696741855,-1009.78,1019686.8,301.355664160401,90849.7184815422
469,-0.6541353383458647,-1009.04,1018198.24,306.0312781954887,93699.42683927862
470,-0.6491228070175439,-1008.94,1017992.36,310.87403508771934,96683.80693136348
471,-0.6441102756892231,-1008.66,1017434.0,315.51672932330825,99595.48319184549
472,-0.6390977443609023,-1008.47,1017046.46,320.5590977443609,102797.02197128157
473,-0.6340852130325815,-1009.24,1018606.24,326.24583959899746,106482.65705699082
474,-0.6290726817042607,-1008.78,1017670.12,330.7040601503759,109407.88371216258
475,-0.6240601503759399,-1007.74,1015582.28,335.0996240601503,112339.38391881957
476,-0.6190476190476191,-1007.61,1015323.34,340.12142857142857,115735.25002267571
477,-0.6140350877192983,-1008.13,1016365.54,345.4028070175438,119347.41004924591
478,-0.6090225563909775,-1007.795,1015693.33,350.1226127819548,122635.32213169198
479,-0.6040100250626567,-1007.84,1015776.4,354.804536340852,125934.97237121622
480,-0.5989974937343359,-1008.0,1016103.44,360.38052631578944,129917.95599104276
481,-0.5939849624060151,-1007.6,1015290.16,365.21075187969916,133420.65596981172
482,-0.5889724310776943,-1007.36,1014815.88,369.8027318295739,136806.17547835753
483,-0.5839598997493735,-1007.68,1015457.52,375.6352882205513,141149.09387943542
484,-0.5789473684210527,-1006.48,1013045.56,379.1510526315789,143809.0532409972
485,-0.5739348370927319,-1005.7,1011477.96,383.34373433583954,147008.26590668398
486,-0.568922305764411,-1005.68,1011459.6,388.51621553884695,151017.0111905704
487,-0.5639097744360902,-1005.62,1011321.0,393.66105263157885,155028.38792809087
488,-0.5588972431077694,-1005.27,1010617.2,398.0448684210527,158502.1895114195
489,-0.5538847117794486,-1006.02,1012121.88,403.44090225563906,162821.5342092072
490,-0.5488721804511278,-1005.255,1010581.79,407.8884962406015,166432.2072850359
491,-0.543859649122807,-1005.34,1010743.4,412.94614035087716,170579.93591566637
492,-0.5388471177944862,-1006.0,1012074.16,419.0497994987469,175652.51888147686
493,-0.5338345864661654,-1004.7,1009466.2,422.5013909774435,178566.4308754028
494,-0.5288220551378446,-1004.38,1008825.72,426.92170426065155,182323.20180714942
495,-0.5238095238095238,-1003.84,1007736.56,431.9390476190477,186632.02875283442
496,-0.518796992481203,-1003.7,1007470.64,436.8084586466165,190877.0351888179
497,-0.5137844611528822,-1002.8,1005653.76,440.4069423558898,194018.9282795334
498,-0.5087719298245614,-1003.0,1006061.84,445.8567543859649,198855.63871806703
499,-0.5037593984962406,-1002.24,1004529.28,449.8621804511278,202435.1576912205
500,-0.4987468671679198,-1001.62,1003299.12,454.2301629072681,206405.36398128778
501,-0.493734335839599,-1002.48,1005015.52,460.6812030075188,212290.93715366107
502,-0.4887218045112782,-1002.8,1005657.52,465.7797744360903,217008.34641472093
503,-0.4837092731829574,-1001.995,1004051.41,470.4182268170426,221372.56010526003
504,-0.4786967418546366,-1001.51,1003080.13,474.4316760651629,225161.68422512262
505,-0.4736842105263158,-1001.37,1002790.94,479.10684210526307,229614.69487534623
506,-0.468671679197995,-1000.32,1000689.92,483.5283458646616,233867.40455003417
507,-0.4636591478696742,-1001.09,1002238.62,489.34296365914787,239533.42036863774
508,-0.4586466165413534,-1000.96,1001973.44,494.603082706767,244699.75763412289
509,-0.4536340852130326,-1000.38,1000826.34,498.2160338345864,248311.5515419658
510,-0.4486215538847118,-1000.44,1000937.52,503.59105263157903,253685.15389959852
511,-0.443609022556391,-999.32,998710.88,507.29263157894735,257434.82346090785
512,-0.4385964912280702,-999.33,998726.02,512.5623684210525,262806.4513465681
513,-0.4335839598997494,-998.94,997955.24,517.2356390977443,267632.2665258384
514,-0.4285714285714286,-998.74,997580.36,521.7585714285715,272362.0814285714
515,-0.4235588972431078,-997.98,996029.08,525.7266917293233,276483.1821509287
516,-0.418546365914787,-996.84,993751.12,530.0162406015038,281000.95669989503
517,-0.4135338345864662,-997.85,995778.5,535.4852631578947,286847.3891180959
518,-0.4085213032581454,-996.19,992470.62,538.7451629072681,290349.27780409664
519,-0.4035087719298246,-996.81,993698.7,544.7984210526316,296893.6355863342
520,-0.3984962406015038,-996.9,993878.92,549.2590977443608,301797.03474701784
521,-0.393483709273183,-995.02,990125.24,551.9558395989974,304752.19066814904
522,-0.3884711779448622,-994.9,989917.36,557.9900250626566,311471.24381109414
523,-0.3834586466165414,-994.16,988433.04,561.0457518796992,314888.74225761765
524,-0.3784461152882206,-993.7,987535.32,565.9380952380952,320418.1949377202
525,-0.3734335839598998,-995.2,990489.76,572.6388972431079,328013.57905239286
526,-0.368421052631579,-993.905,987935.43,576.2569736842105,332197.7005193906
527,-0.3634085213032582,-993.95,988005.22,581.3501002506266,338075.16497697873
528,-0.3583959899749374,-992.14,984424.88,584.0460025062656,341221.5807833807
529,-0.3533834586466166,-992.84,985818.24,589.8067669172932,347996.6165764034
530,-0.3483709273182958,-989.92,980043.68,591.6506516290726,350201.63817130553
531,-0.343358395989975,-991.16,982476.48,598.3168922305763,358084.28098516964
532,-0.33834586466165417,-991.545,983254.51,603.2898496240601,364091.774410368
533,-0.33333333333333337,-991.98,984094.04,609.5899999999999,371714.378888889
534,-0.32832080200501257,-989.92,980023.76,611.988671679198,374654.4443598972
535,-0.32330827067669177,-988.65,977555.7,615.7812781954887,379364.19551020407
536,-0.31829573934837097,-989.58,979358.2,621.1859022556391,386011.6142210476
537,-0.31328320802005016,-988.31,976857.18,624.7665726817042,390478.3549460587
538,-0.30827067669172936,-988.14,976532.84,628.9854135338345,395798.10688224324
539,-0.30325814536340856,-987.18,974612.84,633.5896240601504,401552.7928295676
540,-0.29824561403508776,-988.7,977630.6,639.9845614035088,409739.0304586027
541,-0.29323308270676696,-986.325,972956.06,642.6343796992481,413135.0867117982
542,-0.28822055137844615,-987.24,974740.72,648.1471428571427,420253.7933420643
543,-0.28320802005012535,-985.0,970343.6,651.6001002506266,424770.02761615807
544,-0.27819548872180455,-986.28,972847.04,657.0013533834586,431802.6509514387
545,-0.27318295739348375,-984.53,969418.1,660.5756829573934,436526.4002881106
546,-0.26817042606516295,-983.56,967506.56,664.0282957393484,441091.6300163315
547,-0.26315789473684215,-983.03,966477.58,668.3903947368422,446922.97099030466
548,-0.25814536340852134,-982.98,966376.68,673.4682706766918,453748.00030715874
549,-0.25313283208020054,-982.3,965025.98,677.5201190476189,459195.4635380588
550,-0.24812030075187974,-980.265,961047.07,679.7838533834587,462295.1332179603
551,-0.24310776942355894,-979.56,959677.04,684.2663533834586,468411.7512216945
552,-0.23809523809523814,-979.015,958598.13,688.8361904761904,474685.32666666654
553,-0.23308270676691734,-979.14,958868.52,693.0993984962407,480609.517385946
554,-0.22807017543859653,-977.285,955252.95,696.3254385964912,485097.8349584487
555,-0.22305764411027573,-977.32,955308.66,702.2213032581453,493305.4083451109
556,-0.21804511278195493,-977.16,955049.36,706.4650375939849,499353.0910300186
557,-0.21303258145363413,-975.74,952199.56,709.875588972431,504111.0609967273
558,-0.20802005012531333,-973.7,948239.32,712.0808771929825,507259.65386668424
559,-0.20300751879699253,-973.875,948621.51,717.4135526315789,514944.7052714963
560,-0.19799498746867172,-972.945,946786.13,721.0617669172931,520174.9429765516
561,-0.19298245614035092,-972.11,945167.06,725.0998245614034,525987.7127670052
562,-0.18796992481203012,-972.66,946280.12,730.0991729323308,533332.9946254734
563,-0.18295739348370932,-970.465,941997.43,733.261253132832,537957.2555781056
564,-0.17794486215538852,-969.12,939391.36,736.87007518797,543258.844989039
565,-0.17293233082706772,-967.52,936312.04,740.2245112781955,548213.797515405
566,-0.1679197994987469,-967.285,935865.03,744.1911967418547,554098.6887383402
567,-0.1629072681704261,-966.63,934572.68,748.0564473684211,559847.2249770886
568,-0.1578947368421053,-963.46,928465.4,750.2947368421052,563201.68
569,-0.1528822055137845,-964.405,930309.09,756.6971365914786,572906.0003817343
570,-0.1478696741854637,-962.1,925869.44,759.1295864661654,576545.2395950716
571,-0.1428571428571429,-959.1,920138.04,761.3257142857142,579928.181632653
572,-0.1378446115288221,-960.71,923200.3,766.9038032581453,588434.5573105853
573,-0.1328320802005013,-958.205,918431.39,768.9596365914787,591629.6257115846
574,-0.1278195488721805,-956.885,915909.93,772.7088909774436,597396.6755001695
575,-0.1228070175438597,-956.378125,914949.20625,777.0103673245613,604094.9359715489
576,-0.1177944862155389,-955.48,913212.72,781.6997243107767,611422.8240060677
577,-0.1127819548872181,-952.775,908094.59,783.1916729323308,613785.6834115834
578,-0.10776942355889729,-951.89,906416.33,787.0803634085212,619864.4866709379
579,-0.10275689223057649,-949.92,902671.04,788.3691729323308,621922.4758693099
580,-0.09774436090225569,-947.02,897234.44,794.3541353383458,631415.1205257503
581,-0.09273182957393489,-944.55,892604.92,795.2126503759398,632762.6091560824
582,-0.08771929824561409,-943.21375,890072.5175,798.416951754386,637903.2906248076
583,-0.08270676691729328,-942.3825,888498.365,803.103590225564,645397.0346728192
584,-0.07769423558897248,-940.94,885841.4,805.6343859649121,649473.3855719499
585,-0.07268170426065168,-934.455,873686.83,805.1234680451126,648670.5076686468
586,-0.06766917293233088,-931.74,868661.44,807.6199248120299,652714.9149686245
587,-0.06265664160401008,-929.935,865370.51,810.9833959899751,658213.7576378289
588,-0.057644110275689275,-927.7390625,861325.531875,813.6576352991855,662565.0421036422
589,-0.052631578947368474,-925.195,856660.556875,816.2947450657895,666886.2021173822
590,-0.04761904761904767,-922.1,850794.12,817.810476190476,669294.1164625849
591,-0.04260651629072687,-917.9625,843378.305,820.1025657894736,673117.6469526337
592,-0.03759398496240607,-914.79375,837668.1475,822.2005075187969,676615.5346566015
593,-0.03258145363408527,-907.9440625,825377.444375,822.6050501253133,677327.5918463942
594,-0.027568922305764465,-903.793203125,817967.05234375,824.4213055588189,680326.8649340941
595,-0.022556390977443663,-897.90625,807608.8625,825.2149130639098,681662.4610035014
596,-0.01754385964912286,-892.085,797132.73,825.8706359649124,682759.875017313
597,-0.01253132832080206,-873.51,765676.72,825.4787593984962,682125.7606311518
598,-0.007518796992481258,-872.88,764128.48,822.8169924812031,677852.2668189269
599,-0.0025062656641604564,-852.833193359375,731740.6120898437,823.176538293977,678520.2886175988
600,0.0025062656641603454,831.533720703125,729164.3618945313,822.9834653528352,678220.8656995131
601,0.007518796992481036,877.045,771501.43,827.4031766917294,685412.536391967
602,0.012531328320801949,880.68,777580.76,825.0064097744362,681342.953963653
603,0.01754385964912286,889.58734375,793041.4203125,825.6560169956141,682443.0384352877
604,0.022556390977443552,897.53015625,806917.9225,825.3712870065789,681927.6418068786
605,0.027568922305764243,906.0175,821991.925,825.4395739348372,681984.3301608503
606,0.032581453634085156,911.64,831958.08,823.8674436090228,679290.8461576875
607,0.03759398496240607,915.04,838034.4,822.51,677041.0857380292
608,0.04260651629072676,917.2503125,842131.958125,819.4808783677945,672119.1919953855
609,0.04761904761904745,920.1225,847438.145,817.567142857143,669012.9021371884
610,0.05263157894736836,924.705,855758.65,816.9838157894739,667908.3153393352
611,0.057644110275689275,927.46375,860827.7825,813.6756148182957,662599.0741043534
612,0.06265664160400997,930.836875,867052.51125,811.2559500313286,658648.8171341948
613,0.06766917293233066,932.395,869943.53,808.1856015037597,653667.195564334
614,0.07268170426065157,936.426875,877373.665,806.4723363095239,650861.7709047565
615,0.07769423558897248,939.7,883483.08,804.6582268170424,647903.5373352082
616,0.08270676691729317,941.34,886537.08,801.0048120300753,642074.2397896999
617,0.08771929824561386,943.295,890213.675,798.6041995614037,638192.4997026011
618,0.09273182957393478,944.8,893040.12,794.7894674185466,632134.6018002243
619,0.09774436090225569,947.225,897597.81,791.9440977443609,627587.8908700321
620,0.10275689223057638,949.77125,902392.3525,789.78070802005,624129.6693949552
621,0.10776942355889707,950.56,903914.24,787.1186967418547,619955.3474020894
622,0.11278195488721798,952.055,906731.45,782.7041259398497,612998.0699893296
623,0.1177944862155389,954.18,910752.16,779.3041071428571,607668.2842439197
624,0.12280701754385959,954.24,910858.4,774.3326315789475,599923.6962203755
625,0.12781954887218028,955.95,914123.74,772.2259022556394,596678.040330997
626,0.1328320802005012,958.82,919694.12,769.8279448621553,593055.9799867463
627,0.1378446115288221,958.94,919845.4,764.6452882205513,584988.5010542019
628,0.1428571428571428,960.76,923316.0,761.9385714285718,580893.8479591839
629,0.14786967418546348,961.6,924961.76,758.3685213032585,575480.3521078387
630,0.1528822055137844,963.84,929172.32,754.896015037594,570117.6725278735
631,0.1578947368421053,965.1975,931836.905,752.179144736842,566079.7662465372
632,0.162907268170426,966.3975,934146.485,748.8643233082709,561086.0598652962
633,0.1679197994987467,966.6575,934638.605,743.3953164160403,552916.0502272208
634,0.1729323308270676,967.245,935784.21,739.5245676691729,547176.6019397649
635,0.17794486215538852,968.7225,938621.455,736.1570582706767,542179.2013132847
636,0.1829573934837092,969.9825,941058.865,732.6157800751881,536994.2589004389
637,0.1879699248120299,971.59,944185.06,729.92530075188,533062.4056648202
638,0.1929824561403508,972.54,946022.86,725.6518421052632,526817.1451046477
639,0.19799498746867172,971.11,943229.34,719.2800877192982,517578.62170906586
640,0.20300751879699241,973.485,947853.97,717.37772556391,514855.1403650575
641,0.2080200501253131,974.86,950510.16,712.9120739348373,508476.0839752108
642,0.21303258145363402,975.52,951822.8,709.752456140351,503961.79419670743
643,0.21804511278195493,976.1825,953095.715,705.1769266917294,497504.40307260153
644,0.22305764411027562,977.62,955920.84,701.8143859649124,492767.4846036144
645,0.2280701754385963,978.555,957719.45,698.4132894736842,487992.6725661744
646,0.23308270676691722,976.84,954370.08,691.3904887218046,478229.42677907186
647,0.23809523809523814,978.45,957526.3,688.0907142857142,473659.5974716553
648,0.24310776942355883,980.0125,960566.515,684.8744721177947,469248.0231899808
649,0.24812030075187952,980.42,961358.93,680.3241447368423,463037.40587999625
650,0.25313283208020043,980.04,960607.6,675.5096992481203,456491.92206236144
651,0.25814536340852134,981.84,964148.88,671.8825563909774,451613.97872123914
652,0.26315789473684204,984.04,968468.48,669.0321052631579,447804.9874515237
653,0.2681704260651627,983.815,968016.82,664.3299122807019,441514.03682247625
654,0.27318295739348364,984.26,968853.8,659.6269423558898,435220.85429545044
655,0.27819548872180455,984.39,969153.48,655.1446428571428,429405.6090605743
656,0.28320802005012524,985.84,971968.24,652.1322055137845,425404.5482722472
657,0.28822055137844593,986.2875,972869.005,647.336672932331,419192.94700403913
658,0.29323308270676685,985.96,972255.12,642.4839097744361,412956.05379388324
659,0.29824561403508776,988.32,976875.12,640.207894736842,410023.40719298244
660,0.30325814536340845,986.22,972734.84,632.3207518796993,399994.1251743394
661,0.30827067669172914,988.015,976274.59,629.0889473684213,395900.68874696165
662,0.31328320802005005,989.2,978614.68,625.7802506265666,391743.08670611377
663,0.31829573934837097,990.34,980854.76,621.9489974937343,386937.8439862186
664,0.32330827067669166,989.12,978451.06,615.7243233082706,379249.0365523773
665,0.32832080200501235,989.89,979995.82,611.5435213032583,374126.4823671649
666,0.33333333333333326,991.36,982898.52,608.1716666666667,370035.42500000005
667,0.33834586466165417,990.72,981625.48,602.478984962406,363119.76929475943
668,0.34335839598997486,991.5375,983243.95,598.60227443609,358463.20116246137
669,0.34837092731829555,993.0,986149.68,595.5376691729326,354790.94917538227
670,0.35338345864661647,992.38,984906.32,589.3418233082707,347449.6138895643
671,0.3583959899749374,992.25,984647.02,584.6215789473684,341900.3710319659
672,0.36340852130325807,993.385,986893.45,580.702926065163,337325.7347569269
673,0.36842105263157876,994.32,988762.84,576.3265789473686,332284.9936426595
674,0.3734335839598997,995.29,990673.02,573.0552882205515,328488.63810089143
675,0.3784461152882206,995.69,991471.06,568.4849874686716,323281.4957712577
676,0.3834586466165413,996.1,992273.4,563.3368421052633,317437.9484730625
677,0.38847117794486197,995.43,990955.98,558.1391353383461,311634.01006397593
678,0.3934837092731829,995.93,991951.78,553.3927694235589,306345.23433053197
679,0.3984962406015038,996.34,992773.32,548.6822556390977,301173.16148001584
680,0.4035087719298245,996.91,993891.04,544.8005701754387,296897.461861342
681,0.4085213032581452,996.11,992306.58,538.482844611529,290060.0709117721
682,0.4135338345864661,997.22,994517.32,534.8657894736842,286170.90247837646
683,0.418546365914787,996.86,993793.72,529.9078696741855,280886.29510229203
684,0.4235588972431077,997.24,994561.2,525.1401253132834,275873.28389488766
685,0.4285714285714284,998.26,996582.24,520.744285714286,271267.27326530626
686,0.4335839598997493,999.85,999761.46,517.3010776942357,267688.44406335393
687,0.4385964912280702,998.69,997447.7,511.47307017543847,261686.64140504767
688,0.4436090225563909,998.93,997924.94,507.1806390977444,257319.0721117645
689,0.4486215538847116,999.08,998230.32,502.1311779448624,252223.54903631276
690,0.4536340852130325,1001.4,1002865.2,499.3708270676692,249462.70617672006
691,0.4586466165413534,1001.06,1002176.04,494.4572180451128,244565.2713940867
692,0.4636591478696741,999.86,999792.36,487.87576441102755,238122.6405553358
693,0.4686716791979948,1000.98,1002020.84,483.80902255639114,234147.60608790163
694,0.4736842105263157,1001.15,1002356.34,478.9810526315791,229499.15759002775
695,0.4786967418546366,1001.04,1002139.84,474.27541353383464,225011.71890107475
696,0.4837092731829573,1000.78,1001618.12,468.65843358396,219720.65055536717
697,0.488721804511278,1002.48,1005038.88,465.7761654135341,217037.8501311551
698,0.4937343358395989,1002.81,1005684.78,460.6932706766919,212314.70270101953
699,0.4987468671679198,1002.68,1005412.64,455.87649122807017,207885.65242555007
700,0.5037593984962405,1003.74,1007551.16,451.92654135338364,204317.81152750298
701,0.5087719298245612,1002.49,1005033.18,445.76122807017566,198767.03061865206
702,0.5137844611528821,1003.06,1006176.84,441.04335839599014,194576.00245764796
703,0.518796992481203,1003.48,1007025.52,436.51759398496245,190614.14035954548
704,0.5238095238095237,1003.875,1007817.41,431.85571428571444,186566.44256235837
705,0.5288220551378444,1005.12,1010317.76,428.3403759398498,183541.0286294058
706,0.5338345864661653,1004.98,1010021.8,422.7869172932331,178799.54033580198
707,0.5388471177944862,1003.9,1007870.04,416.2413784461152,173330.20339740324
708,0.5438596491228069,1005.08,1010239.92,413.03754385964913,170665.60422899362
709,0.5488721804511276,1004.09,1008239.98,406.85293233082723,165591.23342529274
710,0.5538847117794485,1006.02,1012114.36,404.14090225563916,163377.54064509654
711,0.5588972431077694,1005.0,1010078.72,397.4082706766917,158001.8261662929
712,0.5639097744360901,1005.88,1011838.64,393.64943609022566,155014.25326021828
713,0.5689223057644108,1006.14,1012355.48,388.5445112781956,151017.53484513302
714,0.5739348370927317,1006.55,1013179.94,384.1208897243109,147597.3490159924
715,0.5789473684210527,1006.81,1013711.94,379.47,144048.64684210523
716,0.5839598997493733,1006.6,1013286.32,373.8659649122808,139829.40681151504
717,0.588972431077694,1007.14,1014370.76,369.3123057644113,136444.83382170982
718,0.593984962406015,1007.22,1014541.24,365.04646616541356,133310.96047939404
719,0.5989974937343359,1006.82,1013724.2,359.087343358396,128993.40553369638
720,0.6040100250626566,1007.81,1015719.32,355.17515664160413,126197.41167315224
721,0.6090225563909772,1007.61,1015317.82,349.8827819548875,122466.57283566073
722,0.6140350877192982,1007.74,1015579.78,345.0697807017545,119121.80233225613
723,0.6190476190476191,1008.52,1017138.24,340.4380952380951,115931.91877551017
724,0.6240601503759398,1008.45,1017008.5,335.70654135338356,112742.07592345533
725,0.6290726817042605,1007.86,1015822.6,329.78280701754403,108808.13184603125
726,0.6340852130325814,1008.74,1017592.9,325.6503822055139,106091.6592708432
727,0.6390977443609023,1008.6,1017300.72,320.62601503759396,102835.91982361922
728,0.644110275689223,1009.92,1019968.8,316.7801503759399,100379.95322139942
729,0.6491228070175437,1009.69,1019508.46,311.62719298245634,97151.07760233931
730,0.6541353383458646,1009.22,1018565.56,306.07353383458656,93726.67239075137
731,0.6591478696741855,1009.38,1018885.64,301.2693233082706,90807.89982336794
732,0.6641604010025062,1009.1,1018304.84,295.735739348371,87488.13173547907
733,0.6691729323308269,1009.56,1019246.32,291.0797744360904,84773.53613714749
734,0.6741854636591478,1010.38,1020896.04,286.9864912280703,82391.39709329722
735,0.6791979949874687,1009.72,1019577.28,281.4602005012531,79262.18593538983
736,0.6842105263157894,1010.62,1021384.64,277.2781578947369,76918.27275623273
737,0.6892230576441101,1010.455,1021049.09,271.73611528822073,73874.13011026953
738,0.694235588972431,1010.32,1020775.44,266.69989974937357,71162.30588162139
739,0.6992481203007519,1011.16,1022481.44,262.8482706766917,69123.50873311095
740,0.7042606516290726,1011.0,1022148.16,257.47248120300765,66319.5821846597
741,0.7092731829573933,1011.0,1022150.48,252.2548120300754,63663.59087298457
742,0.7142857142857142,1011.82,1023802.92,247.86142857142866,61461.03857142863
743,0.7192982456140351,1011.76,1023691.52,242.86280701754384,59015.098768851945
744,0.7243107769423558,1011.62,1023399.96,237.61273182957407,56485.122865811194
745,0.7293233082706765,1011.92,1024006.96,232.54315789473702,54103.23853129074
746,0.7343358395989974,1012.62,1025423.08,228.1468421052633,52073.05198001273
747,0.7393483709273183,1012.34,1024853.32,222.98807017543857,49746.61411410731
748,0.744360902255639,1012.13,1024431.86,217.5400000000001,47351.772084911565
749,0.7493734335839597,1012.92,1026030.56,213.42466165413563,45571.74814303939
750,0.7543859649122806,1013.1,1026398.76,208.58157894736848,43531.09446906745
751,0.7593984962406015,1012.3,1024780.12,202.51090225563908,41039.26438068856
752,0.7644110275689222,1012.8,1025787.72,198.12451127819557,39276.917792978726
753,0.7694235588972429,1013.22,1026640.92,193.20466165413555,37356.601216575364
754,0.7744360902255638,1012.6,1025381.84,188.1760150375941,35430.21891175311
755,0.7794486215538847,1012.56,1025300.8,182.48150375939844,33322.33513545769
756,0.7844611528822054,1013.14,1026475.72,177.98102756892243,31700.493264049877
757,0.7894736842105261,1013.68,1027573.2,173.52631578947393,30134.76736842113
758,0.794486215538847,1013.76,1027735.04,168.33165413533843,28358.888332045688
759,0.7994987468671679,1013.84,1027892.8,163.56619047619046,26774.684633827666
760,0.8045112781954886,1013.34,1026875.08,157.93654135338363,24960.679984170994
761,0.8095238095238093,1014.64,1029514.64,154.2747619047621,23819.653174603238
762,0.8145363408521302,1014.18,1028589.4,148.4735338345866,22066.26608388142
763,0.8195488721804511,1014.12,1028468.64,143.41909774436087,20597.37416812708
764,0.8245614035087718,1014.32,1028865.04,138.63087719298252,19236.504315173926
765,0.8295739348370925,1013.87,1027956.58,133.044874686717,17720.842283120135
766,0.8345864661654134,1014.72,1029677.76,128.94342105263172,16643.697284470603
767,0.8395989974937343,1013.78,1027776.12,122.83132832080202,15107.113082706768
768,0.844611528822055,1014.56,1029351.52,118.12092731829586,13971.184982066723
769,0.8496240601503757,1014.4,1029027.56,113.05635338345887,12802.092739273045
770,0.8546365914786966,1014.98,1030202.52,108.3009523809525,11746.645230369182
771,0.8596491228070176,1015.62,1031505.88,103.90315789473681,10815.518608802702
772,0.8646616541353382,1015.1,1030450.84,98.44195488721815,9710.47879133927
773,0.8696741854636589,1015.74,1031750.92,94.0771428571431,8867.130552571947
774,0.8746867167919798,1014.22,1028657.08,87.40523809523826,7652.612805761293
775,0.8796992481203008,1015.6,1031458.56,83.49744360902255,6984.5836452032345
776,0.8847117794486214,1015.74,1031743.4,78.45285714285723,6169.320400939705
777,0.8897243107769421,1015.22,1030692.84,73.30408521303279,5391.308760811836
778,0.894736842105263,1015.94,1032153.32,68.54105263157903,4712.142936288101
779,0.899749373433584,1016.12,1032514.56,63.60666666666666,4058.307977839334
780,0.9047619047619047,1016.06,1032393.8,58.64761904761913,3453.367528344683
781,0.9097744360902253,1015.96,1032193.36,53.30556390977466,2858.510042399255
782,0.9147869674185463,1015.64,1031546.16,48.175764411027686,2337.050607533883
783,0.9197994987468672,1016.02,1032311.16,43.175313283208,1875.5882942318183
784,0.9248120300751879,1015.96,1032190.08,37.95796992481215,1452.7789241901833
785,0.9298245614035086,1016.32,1032926.24,33.080701754386176,1108.539784549106
786,0.9348370927318295,1016.3,1032877.16,27.995062656641718,793.4921641823921
787,0.9398496240601504,1016.48,1033248.88,23.17165413533834,549.3808915145005
788,0.9448621553884711,1016.68,1033652.88,18.117543859649242,340.43649462001326
789,0.9498746867167918,1016.18,1032641.72,12.706340852130534,177.74833204565815
790,0.9548872180451127,1015.86,1031989.08,7.398270676691832,68.27699304652752
791,0.9598997493734336,1016.4,1033091.44,2.607894736842097,23.026668237008522
792,0.9649122807017543,1017.11,1034524.86,-1.7169298245612987,12.032645429362537
793,0.969924812030075,1017.14,1034587.16,-6.819323308270454,56.51791904573167
794,0.9749373433583959,1016.87,1034039.44,-12.18953634085202,158.99046212021025
795,0.9799498746867168,1016.935,1034171.55,-17.182825814536344,305.6524959485181
796,0.9849624060150375,1017.04,1034388.08,-22.28616541353373,510.1485409011204
797,0.9899749373433582,1017.14,1034585.8,-27.41310776942333,759.8359395355433
798,0.9949874686716791,1017.62,1035564.12,-32.03914786967408,1036.696078165331
799,1.0,1016.94,1034189.0,-37.41,1412.67
